age_group,total_applications,approvals,denials,approval_rate,approval_percent,denial_percent,order
Under 25,252,96,156,0.38095238095238093,38.1,61.9,1
25–34,227,93,134,0.40969162995594716,41.0,59.0,2
35–44,117,59,58,0.5042735042735043,50.4,49.6,3
45–54,56,33,23,0.5892857142857143,58.9,41.1,4
55+,38,26,12,0.6842105263157895,68.4,31.6,5
